n_neighbors,weights,metric,p,train_accuracy,test_accuracy,test_error,test_f1,test_precision,test_recall,cv_mean,cv_std,overfit_gap
1,uniform,euclidean,,1.0,0.775,0.22499999999999998,0.782608695652174,0.7570093457943925,0.81,0.7320716685330346,0.03296731218588373,0.22499999999999998
1,uniform,manhattan,,1.0,0.755,0.245,0.7699530516431925,0.7256637168141593,0.82,0.72996640537514,0.04075123851548614,0.245
1,uniform,minkowski,1.0,1.0,0.755,0.245,0.7699530516431925,0.7256637168141593,0.82,0.72996640537514,0.04075123851548614,0.245
1,uniform,minkowski,1.5,1.0,0.785,0.21499999999999997,0.7922705314009661,0.7663551401869159,0.82,0.7341769316909295,0.03669148269294814,0.21499999999999997
1,uniform,minkowski,2.0,1.0,0.775,0.22499999999999998,0.782608695652174,0.7570093457943925,0.81,0.7320716685330346,0.03296731218588373,0.22499999999999998
1,uniform,minkowski,2.5,1.0,0.775,0.22499999999999998,0.782608695652174,0.7570093457943925,0.81,0.7341769316909295,0.03353592482707859,0.22499999999999998
1,uniform,minkowski,3.0,1.0,0.775,0.22499999999999998,0.782608695652174,0.7570093457943925,0.81,0.7320492721164613,0.03381327872994043,0.22499999999999998
1,distance,euclidean,,1.0,0.775,0.22499999999999998,0.782608695652174,0.7570093457943925,0.81,0.7320716685330346,0.03296731218588373,0.22499999999999998
1,distance,manhattan,,1.0,0.755,0.245,0.7699530516431925,0.7256637168141593,0.82,0.72996640537514,0.04075123851548614,0.245
1,distance,minkowski,1.0,1.0,0.755,0.245,0.7699530516431925,0.7256637168141593,0.82,0.72996640537514,0.04075123851548614,0.245
1,distance,minkowski,1.5,1.0,0.785,0.21499999999999997,0.7922705314009661,0.7663551401869159,0.82,0.7341769316909295,0.03669148269294814,0.21499999999999997
1,distance,minkowski,2.0,1.0,0.775,0.22499999999999998,0.782608695652174,0.7570093457943925,0.81,0.7320716685330346,0.03296731218588373,0.22499999999999998
1,distance,minkowski,2.5,1.0,0.775,0.22499999999999998,0.782608695652174,0.7570093457943925,0.81,0.7341769316909295,0.03353592482707859,0.22499999999999998
1,distance,minkowski,3.0,1.0,0.775,0.22499999999999998,0.782608695652174,0.7570093457943925,0.81,0.7320492721164613,0.03381327872994043,0.22499999999999998
3,uniform,euclidean,,0.8544303797468354,0.79,0.20999999999999996,0.7941176470588235,0.7788461538461539,0.81,0.8058454647256438,0.03206697620306059,0.06443037974683541
3,uniform,manhattan,,0.8628691983122363,0.8,0.19999999999999996,0.801980198019802,0.7941176470588235,0.81,0.7910862262038074,0.03642580071496645,0.06286919831223625
3,uniform,minkowski,1.0,0.8628691983122363,0.8,0.19999999999999996,0.801980198019802,0.7941176470588235,0.81,0.7910862262038074,0.03642580071496645,0.06286919831223625
3,uniform,minkowski,1.5,0.8565400843881856,0.795,0.20499999999999996,0.7980295566502463,0.7864077669902912,0.81,0.7974244120940649,0.036355945118295804,0.06154008438818559
3,uniform,minkowski,2.0,0.8544303797468354,0.79,0.20999999999999996,0.7941176470588235,0.7788461538461539,0.81,0.8058454647256438,0.03206697620306059,0.06443037974683541
3,uniform,minkowski,2.5,0.8586497890295358,0.79,0.20999999999999996,0.7941176470588235,0.7788461538461539,0.81,0.8143113101903696,0.03185794018427658,0.06864978902953578
3,uniform,minkowski,3.0,0.8565400843881856,0.785,0.21499999999999997,0.7881773399014779,0.7766990291262136,0.8,0.8143113101903696,0.028942063406491726,0.0715400843881856
3,distance,euclidean,,1.0,0.78,0.21999999999999997,0.7864077669902912,0.7641509433962265,0.81,0.7784770436730123,0.03707891638534008,0.21999999999999997
3,distance,manhattan,,1.0,0.8,0.19999999999999996,0.803921568627451,0.7884615384615384,0.82,0.7615901455767078,0.034414336913174304,0.19999999999999996
3,distance,minkowski,1.0,1.0,0.8,0.19999999999999996,0.803921568627451,0.7884615384615384,0.82,0.7615901455767078,0.034414336913174304,0.19999999999999996
3,distance,minkowski,1.5,1.0,0.785,0.21499999999999997,0.7902439024390244,0.7714285714285715,0.81,0.7742441209406495,0.039251916493519855,0.21499999999999997
3,distance,minkowski,2.0,1.0,0.78,0.21999999999999997,0.7864077669902912,0.7641509433962265,0.81,0.7784770436730123,0.03707891638534008,0.21999999999999997
3,distance,minkowski,2.5,1.0,0.78,0.21999999999999997,0.7864077669902912,0.7641509433962265,0.81,0.7890481522956326,0.03695574328639051,0.21999999999999997
3,distance,minkowski,3.0,1.0,0.775,0.22499999999999998,0.7804878048780488,0.7619047619047619,0.8,0.786942889137738,0.03340263167087811,0.22499999999999998
5,uniform,euclidean,,0.8396624472573839,0.84,0.16000000000000003,0.8383838383838383,0.8469387755102041,0.83,0.8121612541993279,0.03531252312232724,-0.00033755274261604296
5,uniform,manhattan,,0.8502109704641351,0.83,0.17000000000000004,0.8316831683168316,0.8235294117647058,0.84,0.8058678611422172,0.03456642937590474,0.020210970464135114
5,uniform,minkowski,1.0,0.8502109704641351,0.83,0.17000000000000004,0.8316831683168316,0.8235294117647058,0.84,0.8058678611422172,0.03456642937590474,0.020210970464135114
5,uniform,minkowski,1.5,0.8438818565400844,0.835,0.16500000000000004,0.835820895522388,0.8316831683168316,0.84,0.8100559910414333,0.035032348517910546,0.008881856540084443
5,uniform,minkowski,2.0,0.8396624472573839,0.84,0.16000000000000003,0.8383838383838383,0.8469387755102041,0.83,0.8121612541993279,0.03531252312232724,-0.00033755274261604296
5,uniform,minkowski,2.5,0.8438818565400844,0.84,0.16000000000000003,0.8367346938775511,0.8541666666666666,0.82,0.8121612541993279,0.03654609347857406,0.0038818565400844385
5,uniform,minkowski,3.0,0.8438818565400844,0.83,0.17000000000000004,0.8282828282828283,0.8367346938775511,0.82,0.8100559910414333,0.03864186098675479,0.013881856540084447
5,distance,euclidean,,1.0,0.83,0.17000000000000004,0.83,0.83,0.83,0.7869204927211646,0.03959661114774056,0.17000000000000004
5,distance,manhattan,,1.0,0.825,0.17500000000000004,0.8275862068965517,0.8155339805825242,0.84,0.7890481522956326,0.0369557432863905,0.17500000000000004
5,distance,minkowski,1.0,1.0,0.825,0.17500000000000004,0.8275862068965517,0.8155339805825242,0.84,0.7890481522956326,0.0369557432863905,0.17500000000000004
5,distance,minkowski,1.5,1.0,0.83,0.17000000000000004,0.8316831683168316,0.8235294117647058,0.84,0.7890257558790593,0.043154355562745585,0.17000000000000004
5,distance,minkowski,2.0,1.0,0.83,0.17000000000000004,0.83,0.83,0.83,0.7869204927211646,0.03959661114774056,0.17000000000000004
5,distance,minkowski,2.5,1.0,0.82,0.18000000000000005,0.82,0.82,0.82,0.7869204927211646,0.03959661114774056,0.18000000000000005
5,distance,minkowski,3.0,1.0,0.815,0.18500000000000005,0.8159203980099502,0.8118811881188119,0.82,0.7869204927211646,0.043337523254849186,0.18500000000000005
7,uniform,euclidean,,0.8544303797468354,0.835,0.16500000000000004,0.835820895522388,0.8316831683168316,0.84,0.8205823068309069,0.0364116694976086,0.01943037974683548
7,uniform,manhattan,,0.8523206751054853,0.83,0.17000000000000004,0.8316831683168316,0.8235294117647058,0.84,0.8227099664053752,0.02984648352168212,0.0223206751054853
7,uniform,minkowski,1.0,0.8523206751054853,0.83,0.17000000000000004,0.8316831683168316,0.8235294117647058,0.84,0.8227099664053752,0.02984648352168212,0.0223206751054853
7,uniform,minkowski,1.5,0.8502109704641351,0.84,0.16000000000000003,0.84,0.84,0.84,0.8205823068309069,0.03989658698989697,0.010210970464135105
7,uniform,minkowski,2.0,0.8544303797468354,0.835,0.16500000000000004,0.835820895522388,0.8316831683168316,0.84,0.8205823068309069,0.0364116694976086,0.01943037974683548
7,uniform,minkowski,2.5,0.8502109704641351,0.835,0.16500000000000004,0.8341708542713567,0.8383838383838383,0.83,0.8184770436730122,0.036017170392613526,0.01521097046413511
7,uniform,minkowski,3.0,0.8502109704641351,0.84,0.16000000000000003,0.8383838383838383,0.8469387755102041,0.83,0.8206047032474805,0.036860991017139515,0.010210970464135105
7,distance,euclidean,,1.0,0.835,0.16500000000000004,0.835820895522388,0.8316831683168316,0.84,0.7953191489361703,0.03993202567467946,0.16500000000000004
7,distance,manhattan,,1.0,0.835,0.16500000000000004,0.8374384236453202,0.8252427184466019,0.85,0.7974692049272116,0.03483298764747962,0.16500000000000004
7,distance,minkowski,1.0,1.0,0.835,0.16500000000000004,0.8374384236453202,0.8252427184466019,0.85,0.7974692049272116,0.03483298764747962,0.16500000000000004
7,distance,minkowski,1.5,1.0,0.84,0.16000000000000003,0.84,0.84,0.84,0.7932138857782756,0.03990722189973475,0.16000000000000003
7,distance,minkowski,2.0,1.0,0.835,0.16500000000000004,0.835820895522388,0.8316831683168316,0.84,0.7953191489361703,0.03993202567467946,0.16500000000000004
7,distance,minkowski,2.5,1.0,0.825,0.17500000000000004,0.8258706467661692,0.8217821782178217,0.83,0.7932138857782756,0.045608343379182806,0.17500000000000004
7,distance,minkowski,3.0,1.0,0.825,0.17500000000000004,0.8258706467661692,0.8217821782178217,0.83,0.7953191489361703,0.043644197574963864,0.17500000000000004
10,uniform,euclidean,,0.8438818565400844,0.825,0.17500000000000004,0.8223350253807107,0.8350515463917526,0.81,0.8206047032474805,0.033721299064036564,0.018881856540084452
10,uniform,manhattan,,0.8438818565400844,0.835,0.16500000000000004,0.8341708542713567,0.8383838383838383,0.83,0.8142665173572228,0.030782617862070125,0.008881856540084443
10,uniform,minkowski,1.0,0.8438818565400844,0.835,0.16500000000000004,0.8341708542713567,0.8383838383838383,0.83,0.8142665173572228,0.030782617862070125,0.008881856540084443
10,uniform,minkowski,1.5,0.8438818565400844,0.825,0.17500000000000004,0.8241206030150754,0.8282828282828283,0.82,0.8163717805151174,0.03611260879928149,0.018881856540084452
10,uniform,minkowski,2.0,0.8438818565400844,0.825,0.17500000000000004,0.8223350253807107,0.8350515463917526,0.81,0.8206047032474805,0.033721299064036564,0.018881856540084452
10,uniform,minkowski,2.5,0.8459915611814346,0.83,0.17000000000000004,0.8282828282828283,0.8367346938775511,0.82,0.8206047032474805,0.036860991017139515,0.015991561181434633
10,uniform,minkowski,3.0,0.8438818565400844,0.825,0.17500000000000004,0.8258706467661692,0.8217821782178217,0.83,0.8227323628219485,0.033855500721154674,0.018881856540084452
10,distance,euclidean,,1.0,0.825,0.17500000000000004,0.8258706467661692,0.8217821782178217,0.83,0.8100783874580066,0.04487897651716036,0.17500000000000004
10,distance,manhattan,,1.0,0.82,0.18000000000000005,0.8217821782178217,0.8137254901960784,0.83,0.807973124300112,0.03812856889181648,0.18000000000000005
10,distance,minkowski,1.0,1.0,0.82,0.18000000000000005,0.8217821782178217,0.8137254901960784,0.83,0.807973124300112,0.03812856889181648,0.18000000000000005
10,distance,minkowski,1.5,1.0,0.825,0.17500000000000004,0.8258706467661692,0.8217821782178217,0.83,0.807973124300112,0.04200044134550518,0.17500000000000004
10,distance,minkowski,2.0,1.0,0.825,0.17500000000000004,0.8258706467661692,0.8217821782178217,0.83,0.8100783874580066,0.04487897651716036,0.17500000000000004
10,distance,minkowski,2.5,1.0,0.825,0.17500000000000004,0.8258706467661692,0.8217821782178217,0.83,0.8121836506159015,0.043597856486200647,0.17500000000000004
10,distance,minkowski,3.0,1.0,0.825,0.17500000000000004,0.8258706467661692,0.8217821782178217,0.83,0.8143113101903696,0.04257595901800627,0.17500000000000004
15,uniform,euclidean,,0.8438818565400844,0.83,0.17000000000000004,0.8380952380952381,0.8,0.88,0.8247704367301232,0.04151466858416166,0.013881856540084447
15,uniform,manhattan,,0.8333333333333334,0.82,0.18000000000000005,0.8285714285714286,0.7909090909090909,0.87,0.8290257558790595,0.03837509486646634,0.01333333333333342
15,uniform,minkowski,1.0,0.8333333333333334,0.82,0.18000000000000005,0.8285714285714286,0.7909090909090909,0.87,0.8290257558790595,0.03837509486646634,0.01333333333333342
15,uniform,minkowski,1.5,0.8417721518987342,0.82,0.18000000000000005,0.8285714285714286,0.7909090909090909,0.87,0.8268756998880178,0.0460915858898534,0.02177215189873427
15,uniform,minkowski,2.0,0.8438818565400844,0.83,0.17000000000000004,0.8380952380952381,0.8,0.88,0.8247704367301232,0.04151466858416166,0.013881856540084447
15,uniform,minkowski,2.5,0.8523206751054853,0.83,0.17000000000000004,0.8380952380952381,0.8,0.88,0.8205823068309069,0.040992442141475245,0.0223206751054853
15,uniform,minkowski,3.0,0.8502109704641351,0.835,0.16500000000000004,0.8436018957345972,0.8018018018018018,0.89,0.8205823068309069,0.040992442141475245,0.01521097046413511
15,distance,euclidean,,1.0,0.835,0.16500000000000004,0.8405797101449275,0.8130841121495327,0.87,0.8184994400895856,0.04416732346331308,0.16500000000000004
15,distance,manhattan,,1.0,0.835,0.16500000000000004,0.8390243902439024,0.819047619047619,0.86,0.8206047032474805,0.038622488885172945,0.16500000000000004
15,distance,minkowski,1.0,1.0,0.835,0.16500000000000004,0.8390243902439024,0.819047619047619,0.86,0.8206047032474805,0.038622488885172945,0.16500000000000004
15,distance,minkowski,1.5,1.0,0.83,0.17000000000000004,0.8349514563106796,0.8113207547169812,0.86,0.8163493840985442,0.04549439397389622,0.17000000000000004
15,distance,minkowski,2.0,1.0,0.835,0.16500000000000004,0.8405797101449275,0.8130841121495327,0.87,0.8184994400895856,0.04416732346331308,0.16500000000000004
15,distance,minkowski,2.5,1.0,0.835,0.16500000000000004,0.8405797101449275,0.8130841121495327,0.87,0.816394176931691,0.047155685676840815,0.16500000000000004
15,distance,minkowski,3.0,1.0,0.835,0.16500000000000004,0.8405797101449275,0.8130841121495327,0.87,0.816394176931691,0.041666822120414074,0.16500000000000004
20,uniform,euclidean,,0.8312236286919831,0.83,0.17000000000000004,0.8365384615384616,0.8055555555555556,0.87,0.8205599104143337,0.0476330028900919,0.001223628691983114
20,uniform,manhattan,,0.8396624472573839,0.815,0.18500000000000005,0.8229665071770335,0.7889908256880734,0.86,0.8247928331466964,0.0408241645391969,0.02466244725738398
20,uniform,minkowski,1.0,0.8396624472573839,0.815,0.18500000000000005,0.8229665071770335,0.7889908256880734,0.86,0.8247928331466964,0.0408241645391969,0.02466244725738398
20,uniform,minkowski,1.5,0.8333333333333334,0.825,0.17500000000000004,0.8325358851674641,0.7981651376146789,0.87,0.8205599104143337,0.04167789592396467,0.008333333333333415
20,uniform,minkowski,2.0,0.8312236286919831,0.83,0.17000000000000004,0.8365384615384616,0.8055555555555556,0.87,0.8205599104143337,0.0476330028900919,0.001223628691983114
20,uniform,minkowski,2.5,0.8312236286919831,0.835,0.16500000000000004,0.8405797101449275,0.8130841121495327,0.87,0.8226651735722283,0.04447984716851197,-0.0037763713080168904
20,uniform,minkowski,3.0,0.8312236286919831,0.84,0.16000000000000003,0.8446601941747572,0.8207547169811321,0.87,0.8226651735722283,0.04447984716851197,-0.008776371308016895
20,distance,euclidean,,1.0,0.845,0.15500000000000003,0.8502415458937198,0.822429906542056,0.88,0.8142441209406496,0.047846336493211024,0.15500000000000003
20,distance,manhattan,,1.0,0.84,0.16000000000000003,0.8446601941747572,0.8207547169811321,0.87,0.8227099664053752,0.0442100044103977,0.16000000000000003
20,distance,minkowski,1.0,1.0,0.84,0.16000000000000003,0.8446601941747572,0.8207547169811321,0.87,0.8227099664053752,0.0442100044103977,0.16000000000000003
20,distance,minkowski,1.5,1.0,0.845,0.15500000000000003,0.8502415458937198,0.822429906542056,0.88,0.8184546472564389,0.045419711938254954,0.15500000000000003
20,distance,minkowski,2.0,1.0,0.845,0.15500000000000003,0.8502415458937198,0.822429906542056,0.88,0.8142441209406496,0.047846336493211024,0.15500000000000003
20,distance,minkowski,2.5,1.0,0.845,0.15500000000000003,0.8502415458937198,0.822429906542056,0.88,0.8163493840985442,0.04549439397389622,0.15500000000000003
20,distance,minkowski,3.0,1.0,0.85,0.15000000000000002,0.8543689320388349,0.8301886792452831,0.88,0.8121612541993282,0.04618875276582686,0.15000000000000002
25,uniform,euclidean,,0.8312236286919831,0.83,0.17000000000000004,0.8380952380952381,0.8,0.88,0.8226875699888018,0.04817247942825022,0.001223628691983114
25,uniform,manhattan,,0.8312236286919831,0.835,0.16500000000000004,0.8436018957345972,0.8018018018018018,0.89,0.8184546472564389,0.049616954756545276,-0.0037763713080168904
25,uniform,minkowski,1.0,0.8312236286919831,0.835,0.16500000000000004,0.8436018957345972,0.8018018018018018,0.89,0.8184546472564389,0.049616954756545276,-0.0037763713080168904
25,uniform,minkowski,1.5,0.8354430379746836,0.83,0.17000000000000004,0.8380952380952381,0.8,0.88,0.8226875699888018,0.045814638774803663,0.0054430379746835955
25,uniform,minkowski,2.0,0.8312236286919831,0.83,0.17000000000000004,0.8380952380952381,0.8,0.88,0.8226875699888018,0.04817247942825022,0.001223628691983114
25,uniform,minkowski,2.5,0.8354430379746836,0.835,0.16500000000000004,0.8436018957345972,0.8018018018018018,0.89,0.8163493840985442,0.04549439397389622,0.0004430379746835911
25,uniform,minkowski,3.0,0.8333333333333334,0.835,0.16500000000000004,0.8436018957345972,0.8018018018018018,0.89,0.8163493840985442,0.04549439397389622,-0.0016666666666665941
25,distance,euclidean,,1.0,0.85,0.15000000000000002,0.8543689320388349,0.8301886792452831,0.88,0.8163717805151176,0.04584653146976279,0.15000000000000002
25,distance,manhattan,,1.0,0.835,0.16500000000000004,0.8421052631578947,0.8073394495412844,0.88,0.8247928331466964,0.04782374959454633,0.16500000000000004
25,distance,minkowski,1.0,1.0,0.835,0.16500000000000004,0.8421052631578947,0.8073394495412844,0.88,0.8247928331466964,0.04782374959454633,0.16500000000000004
25,distance,minkowski,1.5,1.0,0.845,0.15500000000000003,0.8502415458937198,0.822429906542056,0.88,0.82481522956327,0.04628779632346034,0.15500000000000003
25,distance,minkowski,2.0,1.0,0.85,0.15000000000000002,0.8543689320388349,0.8301886792452831,0.88,0.8163717805151176,0.04584653146976279,0.15000000000000002
25,distance,minkowski,2.5,1.0,0.845,0.15500000000000003,0.8502415458937198,0.822429906542056,0.88,0.8142441209406496,0.047846336493211024,0.15500000000000003
25,distance,minkowski,3.0,1.0,0.845,0.15500000000000003,0.8502415458937198,0.822429906542056,0.88,0.8142441209406496,0.047846336493211024,0.15500000000000003
30,uniform,euclidean,,0.8291139240506329,0.845,0.15500000000000003,0.8516746411483254,0.8165137614678899,0.89,0.8100111982082867,0.041707251337008824,-0.015886075949367084
30,uniform,manhattan,,0.8396624472573839,0.835,0.16500000000000004,0.8421052631578947,0.8073394495412844,0.88,0.8142441209406494,0.03861978744508534,0.0046624472573839615
30,uniform,minkowski,1.0,0.8396624472573839,0.835,0.16500000000000004,0.8421052631578947,0.8073394495412844,0.88,0.8142441209406494,0.03861978744508534,0.0046624472573839615
30,uniform,minkowski,1.5,0.8375527426160337,0.84,0.16000000000000003,0.8461538461538461,0.8148148148148148,0.88,0.8121164613661813,0.043501221258665394,-0.002447257383966228
30,uniform,minkowski,2.0,0.8291139240506329,0.845,0.15500000000000003,0.8516746411483254,0.8165137614678899,0.89,0.8100111982082867,0.041707251337008824,-0.015886075949367084
30,uniform,minkowski,2.5,0.8291139240506329,0.845,0.15500000000000003,0.8516746411483254,0.8165137614678899,0.89,0.807905935050392,0.04544561295980383,-0.015886075949367084
30,uniform,minkowski,3.0,0.8291139240506329,0.845,0.15500000000000003,0.8516746411483254,0.8165137614678899,0.89,0.8036954087346025,0.043503388976010623,-0.015886075949367084
30,distance,euclidean,,1.0,0.845,0.15500000000000003,0.8502415458937198,0.822429906542056,0.88,0.820582306830907,0.047967477812374544,0.15500000000000003
30,distance,manhattan,,1.0,0.825,0.17500000000000004,0.8341232227488151,0.7927927927927928,0.88,0.8227099664053752,0.041092535966134415,0.17500000000000004
30,distance,minkowski,1.0,1.0,0.825,0.17500000000000004,0.8341232227488151,0.7927927927927928,0.88,0.8227099664053752,0.041092535966134415,0.17500000000000004
30,distance,minkowski,1.5,1.0,0.835,0.16500000000000004,0.8421052631578947,0.8073394495412844,0.88,0.8226875699888018,0.04532835532451908,0.16500000000000004
30,distance,minkowski,2.0,1.0,0.845,0.15500000000000003,0.8502415458937198,0.822429906542056,0.88,0.820582306830907,0.047967477812374544,0.15500000000000003
30,distance,minkowski,2.5,1.0,0.84,0.16000000000000003,0.8461538461538461,0.8148148148148148,0.88,0.8163717805151176,0.04584653146976279,0.16000000000000003
30,distance,minkowski,3.0,1.0,0.84,0.16000000000000003,0.8461538461538461,0.8148148148148148,0.88,0.8184770436730122,0.048131353033215356,0.16000000000000003
35,uniform,euclidean,,0.8312236286919831,0.825,0.17500000000000004,0.8325358851674641,0.7981651376146789,0.87,0.8184322508398656,0.046048557497371724,0.0062236286919831185
35,uniform,manhattan,,0.8312236286919831,0.84,0.16000000000000003,0.8476190476190476,0.8090909090909091,0.89,0.8121164613661813,0.04400769910635241,-0.008776371308016895
35,uniform,minkowski,1.0,0.8312236286919831,0.84,0.16000000000000003,0.8476190476190476,0.8090909090909091,0.89,0.8121164613661813,0.04400769910635241,-0.008776371308016895
35,uniform,minkowski,1.5,0.8291139240506329,0.82,0.18000000000000005,0.8301886792452831,0.7857142857142857,0.88,0.8142217245240762,0.04259984476233305,0.009113924050632938
35,uniform,minkowski,2.0,0.8312236286919831,0.825,0.17500000000000004,0.8325358851674641,0.7981651376146789,0.87,0.8184322508398656,0.046048557497371724,0.0062236286919831185
35,uniform,minkowski,2.5,0.8291139240506329,0.835,0.16500000000000004,0.8421052631578947,0.8073394495412844,0.88,0.8142665173572228,0.04333956027557169,-0.0058860759493670756
35,uniform,minkowski,3.0,0.8248945147679325,0.83,0.17000000000000004,0.8380952380952381,0.8,0.88,0.8184770436730122,0.04577139386787955,-0.0051054852320674415
35,distance,euclidean,,1.0,0.825,0.17500000000000004,0.8341232227488151,0.7927927927927928,0.88,0.8184546472564389,0.045419711938254954,0.17500000000000004
35,distance,manhattan,,1.0,0.825,0.17500000000000004,0.8341232227488151,0.7927927927927928,0.88,0.8247928331466964,0.042940630280457914,0.17500000000000004
35,distance,minkowski,1.0,1.0,0.825,0.17500000000000004,0.8341232227488151,0.7927927927927928,0.88,0.8247928331466964,0.042940630280457914,0.17500000000000004
35,distance,minkowski,1.5,1.0,0.825,0.17500000000000004,0.8341232227488151,0.7927927927927928,0.88,0.8226875699888018,0.04532835532451908,0.17500000000000004
35,distance,minkowski,2.0,1.0,0.825,0.17500000000000004,0.8341232227488151,0.7927927927927928,0.88,0.8184546472564389,0.045419711938254954,0.17500000000000004
35,distance,minkowski,2.5,1.0,0.83,0.17000000000000004,0.8380952380952381,0.8,0.88,0.8163493840985442,0.04549439397389622,0.17000000000000004
35,distance,minkowski,3.0,1.0,0.835,0.16500000000000004,0.8421052631578947,0.8073394495412844,0.88,0.8163717805151176,0.04584653146976279,0.16500000000000004
40,uniform,euclidean,,0.8291139240506329,0.825,0.17500000000000004,0.8309178743961353,0.8037383177570093,0.86,0.8099888017917133,0.04733706098318718,0.004113924050632933
40,uniform,manhattan,,0.8248945147679325,0.82,0.18000000000000005,0.8269230769230769,0.7962962962962963,0.86,0.8099888017917134,0.05552389220582321,0.004894514767932567
40,uniform,minkowski,1.0,0.8248945147679325,0.82,0.18000000000000005,0.8269230769230769,0.7962962962962963,0.86,0.8099888017917134,0.05552389220582321,0.004894514767932567
40,uniform,minkowski,1.5,0.8354430379746836,0.83,0.17000000000000004,0.8349514563106796,0.8113207547169812,0.86,0.8163269876819708,0.05069889834882317,0.0054430379746835955
40,uniform,minkowski,2.0,0.8291139240506329,0.825,0.17500000000000004,0.8309178743961353,0.8037383177570093,0.86,0.8099888017917133,0.04733706098318718,0.004113924050632933
40,uniform,minkowski,2.5,0.8312236286919831,0.82,0.18000000000000005,0.8269230769230769,0.7962962962962963,0.86,0.8100335946248599,0.03992129685492946,0.011223628691983123
40,uniform,minkowski,3.0,0.8354430379746836,0.82,0.18000000000000005,0.8269230769230769,0.7962962962962963,0.86,0.8100111982082867,0.04170725133700882,0.015443037974683604
40,distance,euclidean,,1.0,0.825,0.17500000000000004,0.8325358851674641,0.7981651376146789,0.87,0.8226875699888018,0.04069112716142,0.17500000000000004
40,distance,manhattan,,1.0,0.82,0.18000000000000005,0.8301886792452831,0.7857142857142857,0.88,0.8247928331466964,0.042940630280457914,0.18000000000000005
40,distance,minkowski,1.0,1.0,0.82,0.18000000000000005,0.8301886792452831,0.7857142857142857,0.88,0.8247928331466964,0.042940630280457914,0.18000000000000005
40,distance,minkowski,1.5,1.0,0.83,0.17000000000000004,0.8380952380952381,0.8,0.88,0.8184546472564389,0.045419711938254954,0.17000000000000004
40,distance,minkowski,2.0,1.0,0.825,0.17500000000000004,0.8325358851674641,0.7981651376146789,0.87,0.8226875699888018,0.04069112716142,0.17500000000000004
40,distance,minkowski,2.5,1.0,0.82,0.18000000000000005,0.8301886792452831,0.7857142857142857,0.88,0.8206047032474805,0.043987611256855026,0.18000000000000005
40,distance,minkowski,3.0,1.0,0.82,0.18000000000000005,0.8301886792452831,0.7857142857142857,0.88,0.8227099664053752,0.041092535966134415,0.18000000000000005
45,uniform,euclidean,,0.8312236286919831,0.83,0.17000000000000004,0.8365384615384616,0.8055555555555556,0.87,0.8015677491601345,0.05015377338636218,0.001223628691983114
45,uniform,manhattan,,0.8312236286919831,0.81,0.18999999999999995,0.8173076923076923,0.7870370370370371,0.85,0.8036730123180291,0.051570267175678766,0.02122362869198302
45,uniform,minkowski,1.0,0.8312236286919831,0.81,0.18999999999999995,0.8173076923076923,0.7870370370370371,0.85,0.8036730123180291,0.051570267175678766,0.02122362869198302
45,uniform,minkowski,1.5,0.8248945147679325,0.83,0.17000000000000004,0.8365384615384616,0.8055555555555556,0.87,0.8036954087346025,0.045979903225186664,-0.0051054852320674415
45,uniform,minkowski,2.0,0.8312236286919831,0.83,0.17000000000000004,0.8365384615384616,0.8055555555555556,0.87,0.8015677491601345,0.05015377338636218,0.001223628691983114
45,uniform,minkowski,2.5,0.8312236286919831,0.83,0.17000000000000004,0.8365384615384616,0.8055555555555556,0.87,0.8058230683090704,0.04389080560872237,0.001223628691983114
45,uniform,minkowski,3.0,0.8312236286919831,0.825,0.17500000000000004,0.8325358851674641,0.7981651376146789,0.87,0.8058006718924972,0.049260224565140454,0.0062236286919831185
45,distance,euclidean,,1.0,0.825,0.17500000000000004,0.8325358851674641,0.7981651376146789,0.87,0.8247928331466964,0.03859180083597893,0.17500000000000004
45,distance,manhattan,,1.0,0.82,0.18000000000000005,0.8285714285714286,0.7909090909090909,0.87,0.8290257558790595,0.03837509486646634,0.18000000000000005
45,distance,minkowski,1.0,1.0,0.82,0.18000000000000005,0.8285714285714286,0.7909090909090909,0.87,0.8290257558790595,0.03837509486646634,0.18000000000000005
45,distance,minkowski,1.5,1.0,0.815,0.18500000000000005,0.8229665071770335,0.7889908256880734,0.86,0.8290257558790595,0.03837509486646634,0.18500000000000005
45,distance,minkowski,2.0,1.0,0.825,0.17500000000000004,0.8325358851674641,0.7981651376146789,0.87,0.8247928331466964,0.03859180083597893,0.17500000000000004
45,distance,minkowski,2.5,1.0,0.83,0.17000000000000004,0.8365384615384616,0.8055555555555556,0.87,0.8227099664053752,0.03887558608649512,0.17000000000000004
45,distance,minkowski,3.0,1.0,0.83,0.17000000000000004,0.8365384615384616,0.8055555555555556,0.87,0.8227099664053752,0.03887558608649512,0.17000000000000004
50,uniform,euclidean,,0.8333333333333334,0.81,0.18999999999999995,0.8137254901960784,0.7980769230769231,0.83,0.7909966405375141,0.05693773464554691,0.023333333333333317
50,uniform,manhattan,,0.8227848101265823,0.82,0.18000000000000005,0.8252427184466019,0.8018867924528302,0.85,0.7973348264277715,0.04414574026909823,0.002784810126582382
50,uniform,minkowski,1.0,0.8227848101265823,0.82,0.18000000000000005,0.8252427184466019,0.8018867924528302,0.85,0.7973348264277715,0.04414574026909823,0.002784810126582382
50,uniform,minkowski,1.5,0.8248945147679325,0.81,0.18999999999999995,0.8155339805825242,0.7924528301886793,0.84,0.8036506159014557,0.05583133325538527,0.014894514767932465
50,uniform,minkowski,2.0,0.8333333333333334,0.81,0.18999999999999995,0.8137254901960784,0.7980769230769231,0.83,0.7909966405375141,0.05693773464554691,0.023333333333333317
50,uniform,minkowski,2.5,0.8375527426160337,0.825,0.17500000000000004,0.8292682926829268,0.8095238095238095,0.85,0.7973796192609182,0.050855826729239134,0.012552742616033785
50,uniform,minkowski,3.0,0.8375527426160337,0.82,0.18000000000000005,0.8252427184466019,0.8018867924528302,0.85,0.797357222844345,0.05098546077564662,0.01755274261603379
50,distance,euclidean,,1.0,0.83,0.17000000000000004,0.8380952380952381,0.8,0.88,0.8227099664053752,0.03887558608649512,0.17000000000000004
50,distance,manhattan,,1.0,0.815,0.18500000000000005,0.8246445497630331,0.7837837837837838,0.87,0.8290257558790595,0.03837509486646634,0.18500000000000005
50,distance,minkowski,1.0,1.0,0.815,0.18500000000000005,0.8246445497630331,0.7837837837837838,0.87,0.8290257558790595,0.03837509486646634,0.18500000000000005
50,distance,minkowski,1.5,1.0,0.81,0.18999999999999995,0.819047619047619,0.7818181818181819,0.86,0.8269204927211646,0.03608795975601118,0.18999999999999995
50,distance,minkowski,2.0,1.0,0.83,0.17000000000000004,0.8380952380952381,0.8,0.88,0.8227099664053752,0.03887558608649512,0.17000000000000004
50,distance,minkowski,2.5,1.0,0.83,0.17000000000000004,0.8380952380952381,0.8,0.88,0.8163717805151176,0.04387048129720477,0.17000000000000004
50,distance,minkowski,3.0,1.0,0.83,0.17000000000000004,0.8365384615384616,0.8055555555555556,0.87,0.814266517357223,0.04630599812896,0.17000000000000004
60,uniform,euclidean,,0.8185654008438819,0.83,0.17000000000000004,0.8349514563106796,0.8113207547169812,0.86,0.790996640537514,0.050326576997929105,-0.011434599156118108
60,uniform,manhattan,,0.8059071729957806,0.82,0.18000000000000005,0.8252427184466019,0.8018867924528302,0.85,0.7952295632698767,0.046180498599085976,-0.014092827004219322
60,uniform,minkowski,1.0,0.8059071729957806,0.82,0.18000000000000005,0.8252427184466019,0.8018867924528302,0.85,0.7952295632698767,0.046180498599085976,-0.014092827004219322
60,uniform,minkowski,1.5,0.8143459915611815,0.82,0.18000000000000005,0.8252427184466019,0.8018867924528302,0.85,0.7952071668533034,0.048674910746376365,-0.00565400843881847
60,uniform,minkowski,2.0,0.8185654008438819,0.83,0.17000000000000004,0.8349514563106796,0.8113207547169812,0.86,0.790996640537514,0.050326576997929105,-0.011434599156118108
60,uniform,minkowski,2.5,0.8227848101265823,0.815,0.18500000000000005,0.8229665071770335,0.7889908256880734,0.86,0.8015901455767077,0.04681624694289383,0.007784810126582387
60,uniform,minkowski,3.0,0.820675105485232,0.82,0.18000000000000005,0.8269230769230769,0.7962962962962963,0.86,0.7973796192609182,0.045812449031629066,0.0006751054852320859
60,distance,euclidean,,1.0,0.825,0.17500000000000004,0.8341232227488151,0.7927927927927928,0.88,0.8184770436730122,0.04171869915864407,0.17500000000000004
60,distance,manhattan,,1.0,0.815,0.18500000000000005,0.8246445497630331,0.7837837837837838,0.87,0.8184546472564389,0.04342424339000625,0.18500000000000005
60,distance,minkowski,1.0,1.0,0.815,0.18500000000000005,0.8246445497630331,0.7837837837837838,0.87,0.8184546472564389,0.04342424339000625,0.18500000000000005
60,distance,minkowski,1.5,1.0,0.81,0.18999999999999995,0.819047619047619,0.7818181818181819,0.86,0.82481522956327,0.036671189712963265,0.18999999999999995
60,distance,minkowski,2.0,1.0,0.825,0.17500000000000004,0.8341232227488151,0.7927927927927928,0.88,0.8184770436730122,0.04171869915864407,0.17500000000000004
60,distance,minkowski,2.5,1.0,0.82,0.18000000000000005,0.8301886792452831,0.7857142857142857,0.88,0.8205823068309069,0.040992442141475245,0.18000000000000005
60,distance,minkowski,3.0,1.0,0.82,0.18000000000000005,0.8301886792452831,0.7857142857142857,0.88,0.8205823068309069,0.040992442141475245,0.18000000000000005
70,uniform,euclidean,,0.810126582278481,0.825,0.17500000000000004,0.8275862068965517,0.8155339805825242,0.84,0.8015901455767077,0.042862458407082804,-0.014873417721518956
70,uniform,manhattan,,0.8037974683544303,0.81,0.18999999999999995,0.8155339805825242,0.7924528301886793,0.84,0.7952743561030235,0.0315823145933772,-0.00620253164556972
70,uniform,minkowski,1.0,0.8037974683544303,0.81,0.18999999999999995,0.8155339805825242,0.7924528301886793,0.84,0.7952743561030235,0.0315823145933772,-0.00620253164556972
70,uniform,minkowski,1.5,0.810126582278481,0.82,0.18000000000000005,0.8235294117647058,0.8076923076923077,0.84,0.7952519596864501,0.03694754429841588,-0.009873417721518951
70,uniform,minkowski,2.0,0.810126582278481,0.825,0.17500000000000004,0.8275862068965517,0.8155339805825242,0.84,0.8015901455767077,0.042862458407082804,-0.014873417721518956
70,uniform,minkowski,2.5,0.810126582278481,0.82,0.18000000000000005,0.8235294117647058,0.8076923076923077,0.84,0.799484882418813,0.03706857963710968,-0.009873417721518951
70,uniform,minkowski,3.0,0.8080168776371308,0.815,0.18500000000000005,0.821256038647343,0.794392523364486,0.85,0.8037178051511757,0.03671717467662976,-0.006983122362869132
70,distance,euclidean,,1.0,0.825,0.17500000000000004,0.8325358851674641,0.7981651376146789,0.87,0.82481522956327,0.0401335786194488,0.17500000000000004
70,distance,manhattan,,1.0,0.81,0.18999999999999995,0.8207547169811321,0.7767857142857143,0.87,0.8163717805151174,0.03611260879928149,0.18999999999999995
70,distance,minkowski,1.0,1.0,0.81,0.18999999999999995,0.8207547169811321,0.7767857142857143,0.87,0.8163717805151174,0.03611260879928149,0.18999999999999995
70,distance,minkowski,1.5,1.0,0.815,0.18500000000000005,0.8246445497630331,0.7837837837837838,0.87,0.82481522956327,0.036671189712963265,0.18500000000000005
70,distance,minkowski,2.0,1.0,0.825,0.17500000000000004,0.8325358851674641,0.7981651376146789,0.87,0.82481522956327,0.0401335786194488,0.17500000000000004
70,distance,minkowski,2.5,1.0,0.82,0.18000000000000005,0.8269230769230769,0.7962962962962963,0.86,0.8269204927211646,0.03903777001252671,0.18000000000000005
70,distance,minkowski,3.0,1.0,0.82,0.18000000000000005,0.8269230769230769,0.7962962962962963,0.86,0.8269204927211646,0.03903777001252671,0.18000000000000005
80,uniform,euclidean,,0.810126582278481,0.82,0.18000000000000005,0.8235294117647058,0.8076923076923077,0.84,0.8016125419932811,0.0427170535139655,-0.009873417721518951
80,uniform,manhattan,,0.8016877637130801,0.805,0.19499999999999995,0.8078817733990148,0.7961165048543689,0.82,0.7952967525195968,0.0340964387576588,-0.0033122362869199007
80,uniform,minkowski,1.0,0.8016877637130801,0.805,0.19499999999999995,0.8078817733990148,0.7961165048543689,0.82,0.7952967525195968,0.0340964387576588,-0.0033122362869199007
80,uniform,minkowski,1.5,0.8080168776371308,0.805,0.19499999999999995,0.8097560975609757,0.7904761904761904,0.83,0.7995296752519597,0.03489074188144174,0.003016877637130766
80,uniform,minkowski,2.0,0.810126582278481,0.82,0.18000000000000005,0.8235294117647058,0.8076923076923077,0.84,0.8016125419932811,0.0427170535139655,-0.009873417721518951
80,uniform,minkowski,2.5,0.810126582278481,0.82,0.18000000000000005,0.8235294117647058,0.8076923076923077,0.84,0.8079507278835385,0.04106369389383529,-0.009873417721518951
80,uniform,minkowski,3.0,0.8164556962025317,0.82,0.18000000000000005,0.8235294117647058,0.8076923076923077,0.84,0.8016125419932811,0.0427170535139655,-0.0035443037974682845
80,distance,euclidean,,1.0,0.82,0.18000000000000005,0.8285714285714286,0.7909090909090909,0.87,0.8205823068309069,0.04411698415079538,0.18000000000000005
80,distance,manhattan,,1.0,0.825,0.17500000000000004,0.8341232227488151,0.7927927927927928,0.88,0.8163493840985442,0.04141460184443369,0.17500000000000004
80,distance,minkowski,1.0,1.0,0.825,0.17500000000000004,0.8341232227488151,0.7927927927927928,0.88,0.8163493840985442,0.04141460184443369,0.17500000000000004
80,distance,minkowski,1.5,1.0,0.815,0.18500000000000005,0.8246445497630331,0.7837837837837838,0.87,0.8205823068309069,0.040992442141475245,0.18500000000000005
80,distance,minkowski,2.0,1.0,0.82,0.18000000000000005,0.8285714285714286,0.7909090909090909,0.87,0.8205823068309069,0.04411698415079538,0.18000000000000005
80,distance,minkowski,2.5,1.0,0.82,0.18000000000000005,0.8285714285714286,0.7909090909090909,0.87,0.8227099664053753,0.037718278517036186,0.18000000000000005
80,distance,minkowski,3.0,1.0,0.82,0.18000000000000005,0.8285714285714286,0.7909090909090909,0.87,0.8227323628219485,0.033855500721154674,0.18000000000000005
90,uniform,euclidean,,0.8080168776371308,0.815,0.18500000000000005,0.8195121951219512,0.8,0.84,0.8037402015677492,0.041123358236863396,-0.006983122362869132
90,uniform,manhattan,,0.8016877637130801,0.805,0.19499999999999995,0.8078817733990148,0.7961165048543689,0.82,0.7974244120940649,0.03383000778724387,-0.0033122362869199007
90,uniform,minkowski,1.0,0.8016877637130801,0.805,0.19499999999999995,0.8078817733990148,0.7961165048543689,0.82,0.7974244120940649,0.03383000778724387,-0.0033122362869199007
90,uniform,minkowski,1.5,0.8037974683544303,0.81,0.18999999999999995,0.8137254901960784,0.7980769230769231,0.83,0.807973124300112,0.037542861320071334,-0.00620253164556972
90,uniform,minkowski,2.0,0.8080168776371308,0.815,0.18500000000000005,0.8195121951219512,0.8,0.84,0.8037402015677492,0.041123358236863396,-0.006983122362869132
90,uniform,minkowski,2.5,0.8080168776371308,0.82,0.18000000000000005,0.8235294117647058,0.8076923076923077,0.84,0.8079507278835385,0.037094172705795445,-0.011983122362869136
90,uniform,minkowski,3.0,0.8143459915611815,0.815,0.18500000000000005,0.8195121951219512,0.8,0.84,0.8121836506159015,0.03387197198737078,-0.0006540084388184653
90,distance,euclidean,,1.0,0.825,0.17500000000000004,0.8309178743961353,0.8037383177570093,0.86,0.8142217245240762,0.046575931669629415,0.17500000000000004
90,distance,manhattan,,1.0,0.82,0.18000000000000005,0.8285714285714286,0.7909090909090909,0.87,0.8163493840985442,0.03806890158769536,0.18000000000000005
90,distance,minkowski,1.0,1.0,0.82,0.18000000000000005,0.8285714285714286,0.7909090909090909,0.87,0.8163493840985442,0.03806890158769536,0.18000000000000005
90,distance,minkowski,1.5,1.0,0.815,0.18500000000000005,0.8229665071770335,0.7889908256880734,0.86,0.8121164613661813,0.04247014941951092,0.18500000000000005
90,distance,minkowski,2.0,1.0,0.825,0.17500000000000004,0.8309178743961353,0.8037383177570093,0.86,0.8142217245240762,0.046575931669629415,0.17500000000000004
90,distance,minkowski,2.5,1.0,0.82,0.18000000000000005,0.8269230769230769,0.7962962962962963,0.86,0.8184770436730122,0.04171869915864407,0.18000000000000005
90,distance,minkowski,3.0,1.0,0.825,0.17500000000000004,0.8309178743961353,0.8037383177570093,0.86,0.820582306830907,0.03989658698989697,0.17500000000000004
100,uniform,euclidean,,0.8037974683544303,0.805,0.19499999999999995,0.8097560975609757,0.7904761904761904,0.83,0.8142889137737962,0.044723215776890826,-0.0012025316455697155
100,uniform,manhattan,,0.7953586497890295,0.805,0.19499999999999995,0.8097560975609757,0.7904761904761904,0.83,0.8016349384098543,0.028951351416867176,-0.009641350210970567
100,uniform,minkowski,1.0,0.7953586497890295,0.805,0.19499999999999995,0.8097560975609757,0.7904761904761904,0.83,0.8016349384098543,0.028951351416867176,-0.009641350210970567
100,uniform,minkowski,1.5,0.8037974683544303,0.805,0.19499999999999995,0.8097560975609757,0.7904761904761904,0.83,0.8079507278835385,0.033976035679989726,-0.0012025316455697155
100,uniform,minkowski,2.0,0.8037974683544303,0.805,0.19499999999999995,0.8097560975609757,0.7904761904761904,0.83,0.8142889137737962,0.044723215776890826,-0.0012025316455697155
100,uniform,minkowski,2.5,0.8016877637130801,0.81,0.18999999999999995,0.8155339805825242,0.7924528301886793,0.84,0.8185218365061591,0.03753051398885585,-0.008312236286919905
100,uniform,minkowski,3.0,0.8059071729957806,0.81,0.18999999999999995,0.8155339805825242,0.7924528301886793,0.84,0.8142889137737963,0.03593083293201128,-0.004092827004219424
100,distance,euclidean,,1.0,0.82,0.18000000000000005,0.8285714285714286,0.7909090909090909,0.87,0.818454647256439,0.04239129928080434,0.18000000000000005
100,distance,manhattan,,1.0,0.815,0.18500000000000005,0.8229665071770335,0.7889908256880734,0.86,0.8120940649496081,0.0470793772428515,0.18500000000000005
100,distance,minkowski,1.0,1.0,0.815,0.18500000000000005,0.8229665071770335,0.7889908256880734,0.86,0.8120940649496081,0.0470793772428515,0.18500000000000005
100,distance,minkowski,1.5,1.0,0.825,0.17500000000000004,0.8325358851674641,0.7981651376146789,0.87,0.8163269876819708,0.04262529401548086,0.17500000000000004
100,distance,minkowski,2.0,1.0,0.82,0.18000000000000005,0.8285714285714286,0.7909090909090909,0.87,0.818454647256439,0.04239129928080434,0.18000000000000005
100,distance,minkowski,2.5,1.0,0.82,0.18000000000000005,0.8269230769230769,0.7962962962962963,0.86,0.8184770436730122,0.04171869915864407,0.18000000000000005
100,distance,minkowski,3.0,1.0,0.82,0.18000000000000005,0.8269230769230769,0.7962962962962963,0.86,0.820582306830907,0.03989658698989697,0.18000000000000005
